{"doc_id": "00f93f20-745a-47d1-bcdd-8a58db36bfd3", "doc_name": "Dataset Sampah", "doc_version": "4843ae8759e5a1e956ff0aab437298fc", "format": "tf_lite", "version": 31, "inputs": {"Image": {"dtype": "float32", "shape": [null, 224, 224, 3], "name": "Image"}}, "outputs": {"Confidences": {"dtype": "float32", "shape": [null, 3], "name": "00f93f20-745a-47d1-bcdd-8a58db36bfd3.14c2d10d-5cc4-4fac-b60e-db4a34c8ff5e/dense_2/Softmax"}}, "tags": [], "classes": {"Label": ["Anorganik", "No Trash", "Organik"]}, "filename": "saved_model.tflite", "export_model_version": 1}