{"doc_id": "00f93f20-745a-47d1-bcdd-8a58db36bfd3", "doc_name": "Dataset Sampah", "doc_version": "85367b363e10f6601e55937966f695bd", "format": "tf_lite", "version": 8, "inputs": {"Image": {"dtype": "float32", "shape": [null, 224, 224, 3], "name": "Image"}}, "outputs": {"Confidences": {"dtype": "float32", "shape": [null, 2], "name": "00f93f20-745a-47d1-bcdd-8a58db36bfd3.31af396e-0c53-4bbc-ba97-ccefdc89a8f0/dense_2/Softmax"}}, "tags": [], "classes": {"Label": ["Anorganik", "Organik"]}, "filename": "saved_model.tflite", "export_model_version": 1}